id	conversation_id	created_at	date	time	timezone	user_id	username	name	place	tweet	language	mentions	urls	photos	replies_count	retweets_count	likes_count	hashtags	cashtags	link	retweet	quote_url	video	thumbnail	near	geo	source	user_rt_id	user_rt	retweet_id	reply_to	retweet_date	translate	trans_src	trans_dest
550441259840462848	550441259840462848	2015-01-01 00:59:57 CET	2015-01-01	00:59:57	+0200	1624209679	def_star_radio	Def Star Radio		#NowPlaying Homeboy Sandman - Refugee :: Tune In:  http://t.co/8VHiGrq3er	en	[]	['http://www.dsr.fm']	[]	0	0	0	['nowplaying']	[]	https://twitter.com/Def_Star_Radio/status/550441259840462848	False		0								[]				
550441109818986497	550441109818986497	2015-01-01 00:59:21 CET	2015-01-01	00:59:21	+0200	1545666098	pinoy_vigilante	Pinoy_Vigilante		New Zealand needs more migrant workers  http://t.co/y2bKXjgzlT	en	[]	['http://fb.me/3C5H6onRa']	[]	0	0	0	[]	[]	https://twitter.com/Pinoy_Vigilante/status/550441109818986497	False		0								[]				
550441016373673984	550441016373673984	2015-01-01 00:58:59 CET	2015-01-01	00:58:59	+0200	2502895924	jewhaditm	Jewhadi‚Ñ¢		Jeb Bush declines invitation from immigration hard-liner  http://t.co/SJAzd93wvW via @NewsRepublic	en	[{'screen_name': 'newsrepublic', 'name': 'news republic', 'id': '193622721'}]	['http://n.mynews.ly/!EB.CByR4']	[]	0	0	0	[]	[]	https://twitter.com/JewhadiTM/status/550441016373673984	False		0								[]				
550440877877760000	550440877877760000	2015-01-01 00:58:26 CET	2015-01-01	00:58:26	+0200	224449387	cfgenevievep	–¥–∞–π—Ç–µ–¥–µ–Ω–µ–≥‚àû		@yoksalissab –°–æ—Å–µ–¥–∏ –ø—Ä–∏–≤–µ—Ç))) rise against ‚Äì prayer of the refugee	und	[]	[]	[]	0	0	0	[]	[]	https://twitter.com/cfgenevievep/status/550440877877760000	False		0								[]				
550440704220987392	550440704220987392	2015-01-01 00:57:45 CET	2015-01-01	00:57:45	+0200	38169764	willordcapulong	Willord Capulong		@vaporware Jeb Bush declines invitation from immigration hard-liner	en	[]	[]	[]	0	0	0	[]	[]	https://twitter.com/WillordCapulong/status/550440704220987392	False		0								[]				
550440507680501760	550440507680501760	2015-01-01 00:56:58 CET	2015-01-01	00:56:58	+0200	2848554667	vickeylscott	Vickey L. Scott		Rubio: Immigration no 'bonanza' GOP  http://t.co/wicXDipyBZ	it	[]	['http://fb.me/3apZjWZZu']	[]	0	0	0	[]	[]	https://twitter.com/VickeyLScott/status/550440507680501760	False		0								[]				
550440225915564032	550440225915564032	2015-01-01 00:55:51 CET	2015-01-01	00:55:51	+0200	194499826	k3shtk4r	Mohammad Keshtkar		Jeb Bush declines invitation from immigration hard-liner  http://t.co/UI00Rg7RCX	en	[]	['http://ift.tt/1wCvLvu']	[]	0	0	0	[]	[]	https://twitter.com/k3shtk4r/status/550440225915564032	False		0								[]				
550440189516988417	550440189516988417	2015-01-01 00:55:42 CET	2015-01-01	00:55:42	+0200	1115784079	drmel_t	Dr Mel Thomson		Happy New Year @RichardMarlesMP As a Friend of Science &amp; Shadow Immigration Minister, Is it possible to look at this?  http://t.co/zIYHY9l806	en	[{'screen_name': 'richardmarlesmp', 'name': 'richard marles', 'id': '485139839'}]	['http://www.dilutedthinking.com/hln_2015seminars.php']	[]	0	0	1	[]	[]	https://twitter.com/DrMel_T/status/550440189516988417	False		0								[]				
550440147398176768	550440147398176768	2015-01-01 00:55:32 CET	2015-01-01	00:55:32	+0200	1507338108	sifill_ldf	Sherrilyn Ifill		Both Everything I Never Told You and Americanah focus on the experiences of immigration, race, gender &amp; belonging. @pronounced_ing	en	[{'screen_name': 'pronounced_ing', 'name': 'celeste ng', 'id': '956163518'}]	[]	[]	0	3	2	[]	[]	https://twitter.com/Sifill_LDF/status/550440147398176768	False		0								[]				
550440057270992897	550440057270992897	2015-01-01 00:55:10 CET	2015-01-01	00:55:10	+0200	54811393	museumsvictoria	Museums Victoria		Great way to start the new year -  add your wish to the @immigration_mv wish tree. #HappyNewYear #NewYearsDay  http://t.co/GeGzMby3d8	en	[{'screen_name': 'immigration_mv', 'name': 'immigration museum', 'id': '54823471'}]	['http://ow.ly/i/87wxB']	[]	0	0	0	['happynewyear', 'newyearsday']	[]	https://twitter.com/museumsvictoria/status/550440057270992897	False		0								[]				
550439979554320384	550439979554320384	2015-01-01 00:54:52 CET	2015-01-01	00:54:52	+0200	539010491	_jakubjanda	Jakub Janda Ê•äÈõÖÂö≥		IMMIGRATION: A SOURCE OF PRIDE FOR EUROPE (via @Pocket)  http://t.co/Y95MNaUMLp	en	[{'screen_name': 'pocket', 'name': 'pocket', 'id': '27530178'}]	['http://pocket.co/s_MHP']	[]	0	0	0	[]	[]	https://twitter.com/_JakubJanda/status/550439979554320384	False		0								[]				
550439844111867906	550439844111867906	2015-01-01 00:54:20 CET	2015-01-01	00:54:20	+0200	561944542	prcconsulting	PRC Consulting		Focus of Immigration Department moves from resettlement to enforcement  http://t.co/d1MGgB6Zeo via @smh	en	[{'screen_name': 'smh', 'name': 'the sydney morning herald', 'id': '16675569'}]	['http://www.smh.com.au/federal-politics/political-news/focus-of-immigration-department-moves-from-resettlement-to-enforcement-20141231-12g2uo.html']	[]	0	0	0	[]	[]	https://twitter.com/PRCConsulting/status/550439844111867906	False		0								[]				
550439742232211456	550439742232211456	2015-01-01 00:53:55 CET	2015-01-01	00:53:55	+0200	20502577	nycp	Allen Roth		24 States Continue Their Battle Against Obama‚Äôs Immigration Amnesty Executive Action  http://t.co/qZSQni02Zf  @DailySignal #tcot	en	[{'screen_name': 'dailysignal', 'name': 'the daily signal', 'id': '2361224263'}]	['http://dailysign.al/1CTOV8z']	[]	0	0	0	['tcot']	[]	https://twitter.com/NYCP/status/550439742232211456	False		0								[]				
550439705649905664	550439705649905664	2015-01-01 00:53:47 CET	2015-01-01	00:53:47	+0200	275765160	nowmediascott	The Daily NewsBeat		RT costareports: my latest: Bush declines invitation to speak at immigration hard-liner‚Äôs Iowa summit  http://t.co/borNgxtfS6	en	[]	['http://wapo.st/1xzVfO5']	[]	0	0	0	[]	[]	https://twitter.com/NowMediaScott/status/550439705649905664	False		0								[]				
550439666973810688	548413269463949313	2015-01-01 00:53:37 CET	2015-01-01	00:53:37	+0200	148968807	ayog3l0	Angela		@kaaypeezy_ lmao nop I'm gonna stay here and be a US immigrant in Aussie	en	[]	[]	[]	0	0	0	[]	[]	https://twitter.com/ayoG3L0/status/550439666973810688	False		0								[]				
550439664633786368	550439664633786368	2015-01-01 00:53:37 CET	2015-01-01	00:53:37	+0200	255885739	jtxphoto	Todd		In Migrant Camp and Beyond, California Drought Brings a Familiar Desperation  http://t.co/M5fmvwZWfD #PhotogTodd	en	[]	['http://brev.is/D22A']	[]	0	0	0	['photogtodd']	[]	https://twitter.com/JTxPhoto/status/550439664633786368	False		0								[]				
550439592131047425	550434468058918913	2015-01-01 00:53:20 CET	2015-01-01	00:53:20	+0200	193744430	jangajentaan	Jan Gajentaan		@FergHodgson @printsoflblair happy new year! i am against open door immigration as it is undermining the nation state  http://t.co/EJkPPzSCbq	en	[]	['http://www.theguardian.com/books/2013/sep/19/exodus-immigration-paul-collier-review']	[]	2	1	1	[]	[]	https://twitter.com/jangajentaan/status/550439592131047425	False		0								[]				
550439571293347840	550439571293347840	2015-01-01 00:53:15 CET	2015-01-01	00:53:15	+0200	1240822279	rosemilton5	RoseMilton		Bring off the fundamentally in relation with services uncoerced in correspondence to canada immigration consult...	en	[]	[]	[]	0	0	0	[]	[]	https://twitter.com/RoseMilton5/status/550439571293347840	False		0								[]				
550439403873902593	550439403873902593	2015-01-01 00:52:35 CET	2015-01-01	00:52:35	+0200	2260008948	mollytetsuya	Tetsuya Mori		Jeb Bush declines invitation from immigration hard-liner  http://t.co/B7plIfHLK5  http://t.co/9fki9Y1bvl	en	[]	['http://ift.tt/1wCvLvu']	['https://pbs.twimg.com/media/B6ONuLBIYAER0-4.png']	0	0	0	[]	[]	https://twitter.com/MollyTetsuya/status/550439403873902593	False		1	https://pbs.twimg.com/media/B6ONuLBIYAER0-4.png							[]				
550439123832819712	550439123832819712	2015-01-01 00:51:28 CET	2015-01-01	00:51:28	+0200	2417662617	dokdo_refugee	Kim Tae Sun		Pedestrians beware: Charlotte ranks among worst in US for walking  http://t.co/N6jYzCxAJE	en	[]	['http://www.charlotteobserver.com/2014/12/30/5415504/pedestrians-beware-charlotte-ranks.html']	[]	0	0	0	[]	[]	https://twitter.com/Dokdo_Refugee/status/550439123832819712	False		0								[]				
550439100462153728	550439100462153728	2015-01-01 00:51:22 CET	2015-01-01	00:51:22	+0200	2417662617	dokdo_refugee	Kim Tae Sun		Charlotte-Mecklenburg homicides at record low  http://t.co/qVz9otoi8L	en	[]	['http://www.charlotteobserver.com/2014/12/31/5418041/charlotte-mecklenburg-homicides.html']	[]	0	0	0	[]	[]	https://twitter.com/Dokdo_Refugee/status/550439100462153728	False		0								[]				
550439082661539840	550439082661539840	2015-01-01 00:51:18 CET	2015-01-01	00:51:18	+0200	1039446865	alfonsojen	Alfonso Jenkins		"""Jeb Bush Declines Invitation From Immigration Hard-Liner"" by THE ASSOCIATED PRESS via NYT  http://t.co/Y7uPFoVXDv"	en	[]	['http://www.nytimes.com/aponline/2014/12/31/us/ap-us-gop-2016-bush-immigration.html']	[]	0	0	0	[]	[]	https://twitter.com/alfonsojen/status/550439082661539840	False		0								[]				
550439040609431552	550439040609431552	2015-01-01 00:51:08 CET	2015-01-01	00:51:08	+0200	17903759	joannamaria	joannamaria		Our house is turning into the breakup refugee establishment. :/	en	[]	[]	[]	1	0	0	[]	[]	https://twitter.com/joannamaria/status/550439040609431552	False		0								[]				
550439026553921538	550439026553921538	2015-01-01 00:51:05 CET	2015-01-01	00:51:05	+0200	939190178	ymaslavi	ymaslavi		2014 a record breaking year for immigration to Israel - Israel News, Ynetnews  http://t.co/OHMRpZs8t3	en	[]	['http://www.ynetnews.com/articles/0,7340,L-4609941,00.html']	[]	0	0	0	[]	[]	https://twitter.com/YMaslavi/status/550439026553921538	False		0								[]				
550438982723440640	550438982723440640	2015-01-01 00:50:54 CET	2015-01-01	00:50:54	+0200	49158835	rcchu	Richard Chu Ë§öÂ≠ê		Beautiful Woven Refugee Tents Get Their Power from the Sun   http://t.co/YuGU7jJGgk	en	[]	['http://inhabitat.com/weatherproof-woven-refugee-tents-get-their-power-from-the-sun/']	[]	0	0	0	[]	[]	https://twitter.com/RCchu/status/550438982723440640	False		0								[]				
550438887278268416	550438887278268416	2015-01-01 00:50:32 CET	2015-01-01	00:50:32	+0200	975316110	destinybonita28	DES-TIN-EEZ OFFICIAL		Maher Zain - One Day | UNHCR‚Äôs Nansen Refugee Award Ceremony  http://t.co/UPnXs6CO77	en	[]	['http://fb.me/1m8g7GRD5']	[]	0	0	0	[]	[]	https://twitter.com/destinybonita28/status/550438887278268416	False		0								[]				
550438865543000064	550438865543000064	2015-01-01 00:50:26 CET	2015-01-01	00:50:26	+0200	75650748	architectguy	ArchitectGuy		2014 a record breaking year for immigration to Israel  http://t.co/6XyB6ua8lP	en	[]	['http://wp.me/plyPZ-213']	[]	0	0	0	[]	[]	https://twitter.com/architectguy/status/550438865543000064	False		0								[]				
550438736287109120	550438736287109120	2015-01-01 00:49:56 CET	2015-01-01	00:49:56	+0200	963121824	kathowone	kate‚Å∑	{'type': 'Point', 'coordinates': [29.50322423, -98.72782549]}	Immigrant Song - Led Zeppelin	en	[]	[]	[]	0	0	0	[]	[]	https://twitter.com/kathowone/status/550438736287109120	False		0								[]				
550438694541217792	550438694541217792	2015-01-01 00:49:46 CET	2015-01-01	00:49:46	+0200	73992821	intasunikwa	Dr. Gloria Ngezaho, MA-CR ‚úùÔ∏èüáßüáÆüá∫üá∏ü¶Å		@StubHub #TixWish #TixWish will go a long way to helping continue free computer literacy course &amp; tutoring services for refugee families!	en	[]	[]	[]	0	0	0	['tixwish', 'tixwish']	[]	https://twitter.com/Intasunikwa/status/550438694541217792	False		0								[]				
550438520779984897	550438520779984897	2015-01-01 00:49:04 CET	2015-01-01	00:49:04	+0200	2395174262	rejer1956	Susan		Obama tells GOP to be ‚ÄúRealists‚Äù on Immigration - Eagle Rising  http://t.co/D95NutiTdR	en	[]	['http://ln.is/eaglerising.com/1328/sT7I4']	[]	0	0	0	[]	[]	https://twitter.com/rejer1956/status/550438520779984897	False		0								[]				
550438489373028353	550438489373028353	2015-01-01 00:48:57 CET	2015-01-01	00:48:57	+0200	2417662617	dokdo_refugee	Kim Tae Sun		Crews prepare uptown Charlotte for New Year's Eve event  http://t.co/EBGM5dqsez	en	[]	['http://www.charlotteobserver.com/2014/12/31/5417652/crews-prepare-uptown-charlotte.html']	[]	0	0	0	[]	[]	https://twitter.com/Dokdo_Refugee/status/550438489373028353	False		0								[]				
550438442409005056	550418635294900224	2015-01-01 00:48:45 CET	2015-01-01	00:48:45	+0200	203769960	basquiatball	Contrarian Barbarian		@SmoothsHoops @DewNO CHILDREN OF MEN except instead of 1 immigrant baby for hope they discover they can clone the ever aging population	en	[{'screen_name': 'dewno', 'name': 'the joke calculator', 'id': '60032915'}]	[]	[]	1	0	1	[]	[]	https://twitter.com/basquiatball/status/550438442409005056	False		0								[]				
550438387715694592	550438387715694592	2015-01-01 00:48:32 CET	2015-01-01	00:48:32	+0200	1039459044	ceolaclacb	Ceola Clacher		"""Jeb Bush Declines Invitation From Immigration Hard-Liner"" by THE ASSOCIATED PRESS via NYT  http://t.co/v0gB6GNvhy"	en	[]	['http://www.nytimes.com/aponline/2014/12/31/us/ap-us-gop-2016-bush-immigration.html']	[]	0	0	0	[]	[]	https://twitter.com/ceolaclacb/status/550438387715694592	False		0								[]				
550438338793328641	550437553326006272	2015-01-01 00:48:21 CET	2015-01-01	00:48:21	+0200	570348584	1ngaming	1NGaming		@EvoShieId @MigrantTrack Migrant It's Still A Good Video Bro ;D	en	[]	[]	[]	1	0	1	[]	[]	https://twitter.com/1NGaming/status/550438338793328641	False		0								[]				
550438219234299904	550438219234299904	2015-01-01 00:47:52 CET	2015-01-01	00:47:52	+0200	274010439	edsmusicfeed	Ed Koenning's Music		Led Zeppelin ‚Äì Immigrant Song:  http://t.co/aIQvN4CdJK  http://t.co/oVTh41y5AN #nowplaying	en	[]	['http://www.last.fm/music/Led+Zeppelin', 'http://goo.gl/fb/XKD1ST']	[]	0	0	0	['nowplaying']	[]	https://twitter.com/edsmusicfeed/status/550438219234299904	False		0								[]				
550438087126712321	550438087126712321	2015-01-01 00:47:21 CET	2015-01-01	00:47:21	+0200	25029361	tzidaroff	TJ Zidaroff		Immigration isn't broken. It's the Presidency that is broken.	en	[]	[]	[]	0	0	0	[]	[]	https://twitter.com/TZidaroff/status/550438087126712321	False		0								[]				
550438038111678465	550438038111678465	2015-01-01 00:47:09 CET	2015-01-01	00:47:09	+0200	634639425	best_hit_japan	„Éí„ÉÉ„ÉàÂïÜÂìÅ		‚ñ†Ê¥ãÊõ∏„ÅÆ„Éí„ÉÉ„ÉàÂïÜÂìÅ‚ñ† Ôºò‰ΩçÔºö Immigrant Women in the Land of Dollars: Life and Culture on the Lower East Side 1890-1925 (New‚Ä¶  http://t.co/INCcKDnzaJ „ÄÄ#Ê¥ãÊõ∏	ja	[]	['http://amzn.to/1zS41u4']	[]	0	0	0	['Ê¥ãÊõ∏']	[]	https://twitter.com/best_hit_japan/status/550438038111678465	False		0								[]				
550438037650288640	550438037650288640	2015-01-01 00:47:09 CET	2015-01-01	00:47:09	+0200	634649298	retweet_hititem	„Éí„ÉÉ„ÉàÂïÜÂìÅ		‚ñ†Ê¥ãÊõ∏„ÅÆ„Éí„ÉÉ„ÉàÂïÜÂìÅ‚ñ† Ôºò‰ΩçÔºö Immigrant Women in the Land of Dollars: Life and Culture on the Lower East Side 1890-1925 (New‚Ä¶  http://t.co/8XnC21pZKl „ÄÄ#Ê¥ãÊõ∏	ja	[]	['http://amzn.to/1zS41u4']	[]	0	0	0	['Ê¥ãÊõ∏']	[]	https://twitter.com/retweet_hititem/status/550438037650288640	False		0								[]				
550438010144030721	550438010144030721	2015-01-01 00:47:02 CET	2015-01-01	00:47:02	+0200	515942613	gasmallbiz	Chloe Perkins		[ATL Biz Chronicle] Georgia‚Äôs ‚Äòcarpet capital of the world‚Äô is case study in immigration debate  http://t.co/RHSNGNQh6B	en	[]	['http://dlvr.it/7zTWr5']	[]	0	0	0	[]	[]	https://twitter.com/GASmallBiz/status/550438010144030721	False		0								[]				
550438009481338880	550438009481338880	2015-01-01 00:47:02 CET	2015-01-01	00:47:02	+0200	595694544	atlsmallbz	Janice Van Meter		[ATL Biz Chronicle] Georgia‚Äôs ‚Äòcarpet capital of the world‚Äô is case study in immigration debate  http://t.co/y4IYxe9ixi	en	[]	['http://dlvr.it/7zTVyc']	[]	0	0	0	[]	[]	https://twitter.com/ATLSmallBz/status/550438009481338880	False		0								[]				
550438001843527681	550438001843527681	2015-01-01 00:47:00 CET	2015-01-01	00:47:00	+0200	583111960	coming2_america	Coming to America		The Immigration Legal Resource Center  http://t.co/OSRofaH4wD #USImmigration #ImmigrationProcess	en	[]	['http://bit.ly/1rhPYdK']	[]	0	0	0	['usimmigration', 'immigrationprocess']	[]	https://twitter.com/Coming2_America/status/550438001843527681	False		0								[]				
550438000149401602	550437553326006272	2015-01-01 00:47:00 CET	2015-01-01	00:47:00	+0200	702370177	evoshieid	Ya Boy		@MigrantTrack I'm here young migrant	en	[]	[]	[]	2	0	2	[]	[]	https://twitter.com/EvoShieId/status/550438000149401602	False		0								[]				
550437919098281986	550437919098281986	2015-01-01 00:46:41 CET	2015-01-01	00:46:41	+0200	5951392	quadrapop	quadrapop tree		This  http://t.co/in7pFrdJEV puts the Australian refugee situation into perspective. Trickle or flood to Australia?	en	[]	['http://mobile.abc.net.au/news/2015-01-01/nearly-1000-migrants-arrive-in-italy-on-abandoned-cargo-ship/5995374']	[]	0	0	0	[]	[]	https://twitter.com/quadrapop/status/550437919098281986	False		0								[]				
550437558346199040	550437558346199040	2015-01-01 00:45:15 CET	2015-01-01	00:45:15	+0200	2477965532	hihidco	Hihid		#Jeb #Bush #declines #invitation #from #immigration ‚Ä¶: Jeb Bush declines invitation from immigration ‚Ä¶ Associated‚Ä¶  http://t.co/7rhxbuuExG	en	[]	['http://goo.gl/fb/mfEluC']	[]	0	0	0	['jeb', 'bush', 'declines', 'invitation', 'from', 'immigration']	[]	https://twitter.com/hihidco/status/550437558346199040	False		0								[]				
550437555217235968	550437555217235968	2015-01-01 00:45:14 CET	2015-01-01	00:45:14	+0200	523829266	nw_iowa_refugee	The Mr. B		@KCMO Why wasn't trash picked up today? I thought 12/31 was business as usual?	en	[]	[]	[]	1	0	0	[]	[]	https://twitter.com/nw_iowa_refugee/status/550437555217235968	False		0								[]				
550437524783366144	550437524783366144	2015-01-01 00:45:07 CET	2015-01-01	00:45:07	+0200	2477965532	hihidco	Hihid		#Jeb #Bush #declines #invitation #from #immigration ‚Ä¶: Jeb Bush declines invitation from‚Ä¶  http://t.co/mpvji6eZRx	en	[]	['http://goo.gl/fb/BiivPX']	[]	0	0	0	['jeb', 'bush', 'declines', 'invitation', 'from', 'immigration']	[]	https://twitter.com/hihidco/status/550437524783366144	False		0								[]				
550437442395070465	550437442395070465	2015-01-01 00:44:47 CET	2015-01-01	00:44:47	+0200	225096208	jamesphelge	James Phelge		- @David_Cameron @Conservatives to boost immigration by importing foreign nurses  http://t.co/Nrs91ZW8bK  @MailOnline	en	[{'screen_name': 'david_cameron', 'name': 'david cameron', 'id': '103065157'}, {'screen_name': 'conservatives', 'name': 'conservatives', 'id': '14281853'}, {'screen_name': 'mailonline', 'name': 'daily mail online', 'id': '15438913'}]	['http://www.dailymail.co.uk/news/article-61795/Half-NHSs-new-nursing-recruits-overseas.html']	[]	1	1	0	[]	[]	https://twitter.com/JamesPhelge/status/550437442395070465	False		0								[]				
550437436174921728	550437436174921728	2015-01-01 00:44:46 CET	2015-01-01	00:44:46	+0200	2854752538	patriottweetz	·ñ¥·ñáIE·ó™ T·ó©TE·ñá·îï ‚Ñ¢		MT:@ RJGatorEsq: I‚Äôm one of the majority of Americans who wonders why having immigration laws and enforcing them is controversial.  #NoAm...	en	[]	[]	[]	0	0	0	['noam']	[]	https://twitter.com/PatriotTweetz/status/550437436174921728	False		0								[]				
550437427765325824	550437427765325824	2015-01-01 00:44:44 CET	2015-01-01	00:44:44	+0200	2854752538	patriottweetz	·ñ¥·ñáIE·ó™ T·ó©TE·ñá·îï ‚Ñ¢		RT:@ RJGatorEsq: I‚Äôm one of the majority of Americans who wonders why having immigration laws and enforcing them is controversial.  #NoAm...	en	[]	[]	[]	0	0	0	['noam']	[]	https://twitter.com/PatriotTweetz/status/550437427765325824	False		0								[]				
550437320730501120	550401375109382144	2015-01-01 00:44:18 CET	2015-01-01	00:44:18	+0200	2954099804	kamara_70	ibrahim kamara		@drpepper Am a refugee from sierra Leone going for human right	en	[]	[]	[]	1	0	0	[]	[]	https://twitter.com/kamara_70/status/550437320730501120	False		0								[]				
550437320294686720	550380139033681921	2015-01-01 00:44:18 CET	2015-01-01	00:44:18	+0200	594244296	edasante77	EdAsante		@cereal_keeler @jbouie I'm not an immigrant. Either way I won't be joining you on the victimhood plantation.	en	[{'screen_name': 'jbouie', 'name': 'b-boy bouiebaisse', 'id': '14190948'}]	[]	[]	1	0	0	[]	[]	https://twitter.com/EdAsante77/status/550437320294686720	False		0								[]				
550437277587873792	550437277587873792	2015-01-01 00:44:08 CET	2015-01-01	00:44:08	+0200	2412361627	swannandswann	swannandswann		Excellent value #legal services Immigration, Big Sand Cay; Call now!  http://t.co/CELbZJkObT #fb	en	[]	['http://swannlaw.tc']	[]	0	0	0	['legal', 'fb']	[]	https://twitter.com/swannandswann/status/550437277587873792	False		0								[]				
550437131836203010	550437131836203010	2015-01-01 00:43:33 CET	2015-01-01	00:43:33	+0200	2908262482	324none	Domestic Violence		@OfficialNYRE This new years 2015 i want fix me only me fix my immigration reform and i want have a boyfriend who love me for who i am.	en	[]	[]	[]	0	0	1	[]	[]	https://twitter.com/324none/status/550437131836203010	False		0								[]				
550436769364066304	550401375109382144	2015-01-01 00:42:07 CET	2015-01-01	00:42:07	+0200	2954099804	kamara_70	ibrahim kamara		@drpepper. Please @drpepper my name is Ibrahim kamara am √† refugee from sierra Leone. With $1000 i can continue my education. Happy holiday	en	[{'screen_name': 'drpepper', 'name': 'dr pepper', 'id': '19720019'}]	[]	[]	0	0	0	[]	[]	https://twitter.com/kamara_70/status/550436769364066304	False		0								[]				
550436718311407617	550380139033681921	2015-01-01 00:41:54 CET	2015-01-01	00:41:54	+0200	2740775537	cereal_keeler	Dr. Tobias Funky		@jbouie He's just another clueless immigrant, I know a few like him. He'll learn soon enough @EdAsante77	en	[{'screen_name': 'edasante77', 'name': 'edasante', 'id': '594244296'}]	[]	[]	1	0	0	[]	[]	https://twitter.com/cereal_keeler/status/550436718311407617	False		0								[]				
550436508650700801	550436508650700801	2015-01-01 00:41:04 CET	2015-01-01	00:41:04	+0200	54673874	thenewnarrative	George Rudolph		News to Obama- Cuban refugees already have rights here. They are not subject to immigration laws.	en	[]	[]	[]	0	0	0	[]	[]	https://twitter.com/thenewnarrative/status/550436508650700801	False		0								[]				
550436466338578435	550436466338578435	2015-01-01 00:40:54 CET	2015-01-01	00:40:54	+0200	49318324	lenavig	Denis		How Obama's immigration plan is expected to roll out  http://t.co/6AGtfNyp8O	en	[]	['http://fb.me/2Z145JptL']	[]	0	0	0	[]	[]	https://twitter.com/lenavig/status/550436466338578435	False		0								[]				
550436386479017984	550436386479017984	2015-01-01 00:40:35 CET	2015-01-01	00:40:35	+0200	17462501	richardgearl	Richard Earl		Canada Immigration News - CanadaVisa Social: Wishing You A Happy New Year!  http://t.co/n5AyE22deY @RichardGEarl	en	[{'screen_name': 'richardgearl', 'name': 'richard earl', 'id': '17462501'}]	['http://owl.li/GEDCW']	[]	0	0	0	[]	[]	https://twitter.com/RichardGEarl/status/550436386479017984	False		0								[]				
550436338693332992	550436338693332992	2015-01-01 00:40:24 CET	2015-01-01	00:40:24	+0200	37906552	richardcruzc	Richard Cruz		#GOP Needs Immigration Reform to Win White House in 2016, Says Sen. Graham  http://t.co/pt3KaXJSij	en	[]	['http://www.latinpost.com/articles/29076/20141229/immigration-reform-news-update-gop-needs-win-white-house-2016.htm']	[]	0	0	1	['gop']	[]	https://twitter.com/RichardCruzC/status/550436338693332992	False		0								[]				
550436295982731265	550436295982731265	2015-01-01 00:40:14 CET	2015-01-01	00:40:14	+0200	352257708	aiyouthdialogue	Aus-IndYouthDialogue		RT @AusHCIndia: Australia Immigration Minister @ScottMorrisonMP welcomes Indian Coast Guard vessel Sankalp to Darwin  http://t.co/5kvE5IorpE	en	[{'screen_name': 'aushcindia', 'name': 'barry o‚Äôfarrell ao', 'id': '730502304'}, {'screen_name': 'scottmorrisonmp', 'name': 'scott morrison', 'id': '34116377'}]	[]	['https://pbs.twimg.com/media/B4AM-ZMCUAAY-jE.jpg']	0	0	0	[]	[]	https://twitter.com/AIYouthDialogue/status/550436295982731265	False		1	https://pbs.twimg.com/media/B4AM-ZMCUAAY-jE.jpg							[]				
550436236314165249	550436236314165249	2015-01-01 00:40:00 CET	2015-01-01	00:40:00	+0200	62958239	donflynnmrn	Don Flynn		Year in review: the immigration debate | British Politics and Policy at LSE  http://t.co/QLtGwyHaPn	en	[]	['http://blogs.lse.ac.uk/politicsandpolicy/year-in-review-the-immigration-debate/']	[]	0	3	0	[]	[]	https://twitter.com/donflynnmrn/status/550436236314165249	False		0								[]				
550436218396094464	550436218396094464	2015-01-01 00:39:55 CET	2015-01-01	00:39:55	+0200	61188577	drawnlines	Drawnlines Politics		24 States Continue Their Battle Against Obama‚Äôs Immigration Amnesty Executive Action  http://t.co/uaYwYn8Tsf  http://t.co/aiYK729Ltz	en	[]	['http://wp.me/p2bAu0-nK6', 'http://fb.me/3WwfBHMRn']	[]	0	0	0	[]	[]	https://twitter.com/Drawnlines/status/550436218396094464	False		0								[]				
550435719034843136	550435719034843136	2015-01-01 00:37:56 CET	2015-01-01	00:37:56	+0200	2259213456	christylara21	christy ü§ç		"""immigration rules thoe"" Luis kills me üòÇüòÇüòÇüòÇ"	en	[]	[]	[]	0	0	0	[]	[]	https://twitter.com/christylara21/status/550435719034843136	False		0								[]				
550435676991528961	550435676991528961	2015-01-01 00:37:46 CET	2015-01-01	00:37:46	+0200	2646956918	4152ushelp	Andrew Bartlett		My answer to: What width are the acco fasteners needed to file immigration forms?  http://t.co/VI8O1mPREz	en	[]	['http://rpx.me/1/RQWw']	[]	0	0	0	[]	[]	https://twitter.com/4152USHELP/status/550435676991528961	False		0								[]				
550435498205147137	550435498205147137	2015-01-01 00:37:04 CET	2015-01-01	00:37:04	+0200	104019598	workbcpr	WorkBC Powell River		#Immigration #opinion...  http://t.co/fQWpygp4Ji	und	[]	['http://fb.me/3qwk5Zsly']	[]	0	0	0	['immigration', 'opinion']	[]	https://twitter.com/WorkBCPR/status/550435498205147137	False		0								[]				
550435307100061696	550435307100061696	2015-01-01 00:36:18 CET	2015-01-01	00:36:18	+0200	294072179	fifireynaud	reynaud philippe		"Pour rappeler au @FN_officiel que l'immigration √† toujours fait partie de l'Histoire de l'Humanit√© Bonne Ann√©e √† tous http://t.co/8H9zN0LOjt"	fr	[{'screen_name': 'fn_officiel', 'name': 'front national', 'id': '1002609596513562624'}]	['http://ln.is/www.youtube.com/GCn0W']	[]	0	0	0	[]	[]	https://twitter.com/fifireynaud/status/550435307100061696	False		0								[]				
550435239814639617	550435239814639617	2015-01-01 00:36:02 CET	2015-01-01	00:36:02	+0200	279247113	prioritydate	Priority Date		US Chamber of Commerce to push immigration reform, tax breaks in Congress  http://t.co/MEWbfxqPVE #greencard #immigration	en	[]	['http://dlvr.it/7zTM9K']	[]	0	0	1	['greencard', 'immigration']	[]	https://twitter.com/prioritydate/status/550435239814639617	False		0								[]				
550435120260214784	550433521588641794	2015-01-01 00:35:33 CET	2015-01-01	00:35:33	+0200	633390110	manuelc0814	manuel		@_ErnestM_ yeah smh immigration gonna keep her	en	[]	[]	[]	1	0	1	[]	[]	https://twitter.com/ManuelC0814/status/550435120260214784	False		0								[]				
550435092859199490	550419328647323648	2015-01-01 00:35:27 CET	2015-01-01	00:35:27	+0200	959405664	cjrich38	Ed Richards		@RJGatorEsq @WTPatty  Wonder how folks would react if the US mirrored Mexico's Immigration laws??	en	[{'screen_name': 'wtpatty', 'name': 'conservatopia mayim chayyim üá∫üá∏', 'id': '736095344'}]	[]	[]	1	0	1	[]	[]	https://twitter.com/cjrich38/status/550435092859199490	False		0								[]				
550435037015838720	550435037015838720	2015-01-01 00:35:14 CET	2015-01-01	00:35:14	+0200	2720797988	tuitpoliticsus	Politics US		Jeb Bush declines invitation from immigration hard-liner  http://t.co/DI7D8lRq7E #news #politics	en	[]	['http://politics.tusueldo.com/4vo']	[]	0	0	0	['news', 'politics']	[]	https://twitter.com/tuitPoliticsUS/status/550435037015838720	False		0								[]				
550434838394585089	550434838394585089	2015-01-01 00:34:26 CET	2015-01-01	00:34:26	+0200	1507140414	rickschoenherr	Rick Schoenherr		"""@loudobbsnews: What will the #Republican-controlled 114th Congress do to stop #immigration. I'D BE happy if they just try to do something."	en	[{'screen_name': 'loudobbsnews', 'name': 'jhon han', 'id': '717403330369040384'}]	[]	[]	0	0	0	['republican', 'immigration']	[]	https://twitter.com/RickSchoenherr/status/550434838394585089	False		0								[]				
550434828479258624	550434828479258624	2015-01-01 00:34:24 CET	2015-01-01	00:34:24	+0200	561667872	jcdobie	John Dobie		Obama tells GOP to be ‚ÄúRealists‚Äù on Immigration - Eagle Rising  http://t.co/4EsYOaUHOA via @theEagleiRising	en	[{'screen_name': 'theeagleirising', 'name': 'eagle rising', 'id': '2182703041'}]	['http://po.st/IDjv1l']	[]	0	0	0	[]	[]	https://twitter.com/jcdobie/status/550434828479258624	False		0								[]				
550434733071794177	550434733071794177	2015-01-01 00:34:01 CET	2015-01-01	00:34:01	+0200	237758012	politiqueqc_	La politique au QC		Un nouveau syst√®me de s√©lection des immigrants d√®s jeudi  http://t.co/DoMGQDBFXI #immigration #polCA  http://t.co/HIOzookpss	fr	[]	['http://bit.ly/1BhJgp8']	['https://pbs.twimg.com/media/B6OJeSzIYAAb3l2.jpg']	0	0	0	['immigration', 'polca']	[]	https://twitter.com/PolitiqueQC_/status/550434733071794177	False		1	https://pbs.twimg.com/media/B6OJeSzIYAAb3l2.jpg							[]				
550434661172641792	550434661172641792	2015-01-01 00:33:44 CET	2015-01-01	00:33:44	+0200	554060122	toninicho	It‚Äôs Time In Fact		"Focus of Immigration Dept moves from resettlement to enforcement  http://t.co/s0WJi8UTq9 via @ballaratcourier  Priority being ""enforcement"""	en	[{'screen_name': 'ballaratcourier', 'name': 'the courier', 'id': '48622982'}]	['http://www.thecourier.com.au/story/2791551/focus-of-immigration-department-moves-from-resettlement-to-enforcement/']	[]	0	1	0	[]	[]	https://twitter.com/toninicho/status/550434661172641792	False		0								[]				
550434537163862016	550434537163862016	2015-01-01 00:33:14 CET	2015-01-01	00:33:14	+0200	7597712	pjmedia_com	PJ Media		Jackson Lee: Scalise Should Take Lead on Immigration Reform After David Duke Revelation  http://t.co/CvMZLUwJSb #tcot	en	[]	['http://bit.ly/1vv2VwR']	[]	1	0	1	['tcot']	[]	https://twitter.com/PJMedia_com/status/550434537163862016	False		0								[]				
550434536211742721	550434536211742721	2015-01-01 00:33:14 CET	2015-01-01	00:33:14	+0200	105771529	mccormackceo	Martin Mc Cormack		US Immigration Dept. Sees Advantages of New EHR Infrastructure |  http://t.co/Y7trMK59xI:  http://t.co/p8qeHmzxu5	en	[]	['http://EHRintelligence.com', 'http://ehrintelligence.com/2014/12/30/us-immigration-dept-sees-advantages-of-new-ehr-infrastructure/#.VKSHoeLyWbc.twitter']	[]	0	0	0	[]	[]	https://twitter.com/McCormackCEO/status/550434536211742721	False		0								[]				
550434535377104896	550434535377104896	2015-01-01 00:33:14 CET	2015-01-01	00:33:14	+0200	228790621	pjtatler	PJ Tatler		Jackson Lee: Scalise Should Take Lead on Immigration Reform After David Duke Revelation  http://t.co/9eHaGYoiVx #tcot	en	[]	['http://bit.ly/1tCuJp5']	[]	0	0	1	['tcot']	[]	https://twitter.com/PJTatler/status/550434535377104896	False		0								[]				
550434525507899393	550434525507899393	2015-01-01 00:33:12 CET	2015-01-01	00:33:12	+0200	37906552	richardcruzc	Richard Cruz		Constitution Check: Is @Obama‚Äôs new #immigration policy constitutional, or not?:  http://t.co/jQivSTAj5R #CIR	en	[{'screen_name': 'obama', 'name': 'ob', 'id': '246601433'}]	['http://blog.constitutioncenter.org/2014/12/constitution-check-is-obamas-new-immigration-policy-constitutional-or-not/']	[]	1	0	0	['immigration', 'cir']	[]	https://twitter.com/RichardCruzC/status/550434525507899393	False		0								[]				
550434523322658817	550434523322658817	2015-01-01 00:33:11 CET	2015-01-01	00:33:11	+0200	1598122112	positiveglobal	Positive Group		Jeb Bush Declines Invitation to Iowa Summit Organized by Immigration Hard-liner  http://t.co/eHrXG7k1p3	en	[]	['http://bit.ly/1AcPQxt']	[]	0	0	0	[]	[]	https://twitter.com/PositiveGlobal/status/550434523322658817	False		0								[]				
550434489688920064	550434489688920064	2015-01-01 00:33:03 CET	2015-01-01	00:33:03	+0200	84433033	c_a_journal	Common American		@SenTedCruz Demolishes Gang Of 8 Immigration Bill  http://t.co/Kh4gI9ZoTP #tcot	en	[]	['http://tinyurl.com/my6pdgd']	[]	0	0	0	['tcot']	[]	https://twitter.com/C_A_Journal/status/550434489688920064	False		0								[]				
550434468058918913	550434468058918913	2015-01-01 00:32:58 CET	2015-01-01	00:32:58	+0200	157079422	ferghodgson	Fergus Hodgson		A Lesson from #Europe: Relax About #Immigration  http://t.co/a0nxHX3Qga Really sharp by @printsoflblair #OpenBorders  http://t.co/33EC12Gzk2	en	[]	['http://blog.panampost.com/laurie-blair/2014/12/24/a-lesson-from-europe-relax-about-immigration/']	['https://pbs.twimg.com/media/B6OJForCMAEWJrI.jpg']	1	1	1	['europe', 'immigration', 'openborders']	[]	https://twitter.com/FergHodgson/status/550434468058918913	False		1	https://pbs.twimg.com/media/B6OJForCMAEWJrI.jpg							[]				
550434309908496386	550434309908496386	2015-01-01 00:32:20 CET	2015-01-01	00:32:20	+0200	1423744171	panampost	PanAm Post		A Lesson from #Europe: Relax About #Immigration  http://t.co/8THLG6Rqyt @printsoflblair #OpenBorders  http://t.co/BPG5r98GtH	en	[]	['http://blog.panampost.com/laurie-blair/2014/12/24/a-lesson-from-europe-relax-about-immigration/']	['https://pbs.twimg.com/media/B6OJForCMAEWJrI.jpg']	0	1	0	['europe', 'immigration', 'openborders']	[]	https://twitter.com/PanAmPost/status/550434309908496386	False		1	https://pbs.twimg.com/media/B6OJForCMAEWJrI.jpg							[]				
550434254786527233	550434254786527233	2015-01-01 00:32:07 CET	2015-01-01	00:32:07	+0200	156115178	fastwomen	susan		Presidential Memorandum aimed at reforming and streamlining United States immigration visa‚Ä¶  http://t.co/qvGgKoUrEA	en	[]	['http://goo.gl/fb/LfOJtJ']	[]	0	0	0	[]	[]	https://twitter.com/FastWomen/status/550434254786527233	False		0								[]				
550434181986418689	550434181986418689	2015-01-01 00:31:50 CET	2015-01-01	00:31:50	+0200	20698067	ashleyelaine85	Ashley Arend		{Friday ‚Ä¢ Infinito ‚Ä¢ Day 1} Somehow we all made it through immigration into Honduras!!!‚Ä¶  http://t.co/wbpWmGbG08	en	[]	['http://instagram.com/p/xSiWb0t6r3/']	[]	0	0	0	[]	[]	https://twitter.com/AshleyElaine85/status/550434181986418689	False		0								[]				
550434170917650432	550434170917650432	2015-01-01 00:31:47 CET	2015-01-01	00:31:47	+0200	213220909	f00ngck	CK Foong	{'type': 'Point', 'coordinates': [6.51132955, 100.42030008]}	I'm at Bukit Kayu Hitam Immigration Complex in Bukit Kayu Hitam, Kedah  https://t.co/lOYYLsSEaK	in	[]	['https://www.swarmapp.com/c/6vvJY5Bwyob']	[]	0	0	0	[]	[]	https://twitter.com/f00ngck/status/550434170917650432	False		0								[]				
550434095805636609	550434095805636609	2015-01-01 00:31:29 CET	2015-01-01	00:31:29	+0200	1240752853	cherylalexand13	CherylAlexande		British immigration note regulations becomes easier with non-eu stateless person artists: VOx	en	[]	[]	[]	0	0	0	[]	[]	https://twitter.com/CherylAlexand13/status/550434095805636609	False		0								[]				
550433946774024192	550433946774024192	2015-01-01 00:30:54 CET	2015-01-01	00:30:54	+0200	295214767	jeanbhenry	Henry G. Jean-Baptiste		Hundreds rescued from migrant ship  http://t.co/Jf5AXS6KOa	en	[]	['http://fb.me/7b082zCGb']	[]	0	0	0	[]	[]	https://twitter.com/jeanbhenry/status/550433946774024192	False		0								[]				
550433939287212033	550433939287212033	2015-01-01 00:30:52 CET	2015-01-01	00:30:52	+0200	18802261	ailanational	AILA		VOXXI's Year in review: Top moments that defined #immigration reform for 2014  http://t.co/WavcfNZKVH	en	[]	['http://ow.ly/GBvIh']	[]	0	0	1	['immigration']	[]	https://twitter.com/AILANational/status/550433939287212033	False		0								[]				
550433635266879488	550433635266879488	2015-01-01 00:29:39 CET	2015-01-01	00:29:39	+0200	16054602	nascarnac	NASCRACKEN üá∫üá∏üá®üá¥üèÅ		NewsBusters: Stop the Presses: Jesse Jackson Said Something Sensible ‚Äî On Immigration  http://t.co/P8MfpNBSwj #tcot #ocra #ampat	en	[]	['http://bit.ly/1AcDqFQ']	[]	0	0	0	['tcot', 'ocra', 'ampat']	[]	https://twitter.com/NASCARNAC/status/550433635266879488	False		0								[]				
550433498096365568	550433498096365568	2015-01-01 00:29:07 CET	2015-01-01	00:29:07	+0200	385650017	votewire	Votewire (who/where)		Former Florida governor Jeb Bush has declined an invitation to speak at an Iowa gathering hosted by an immigration hard-liner.	en	[]	[]	[]	0	0	0	[]	[]	https://twitter.com/votewire/status/550433498096365568	False		0								[]				
550433488395309056	550433488395309056	2015-01-01 00:29:04 CET	2015-01-01	00:29:04	+0200	1044831086	florentinobm	Florentino Bower		"""Jeb Bush Declines Invitation From Immigration Hard-Liner"" by THE ASSOCIATED PRESS via NYT  http://t.co/KRqdh0yAdi"	en	[]	['http://www.nytimes.com/aponline/2014/12/31/us/ap-us-gop-2016-bush-immigration.html']	[]	0	0	0	[]	[]	https://twitter.com/florentinobm/status/550433488395309056	False		0								[]				
550433474260516864	550433474260516864	2015-01-01 00:29:01 CET	2015-01-01	00:29:01	+0200	713457535	patriotsorg	Patriots Billboard		James Madison Foresaw Illegal Immigration - follow &gt;&gt; #PatriotsOrg  http://t.co/NHtIKC0wIP	en	[]	['http://tinyurl.com/oxlyfp4']	[]	0	0	0	['patriotsorg']	[]	https://twitter.com/PatriotsOrg/status/550433474260516864	False		0								[]				
550433371281563648	550433371281563648	2015-01-01 00:28:36 CET	2015-01-01	00:28:36	+0200	388437759	sumeshco	Sumeshco		Jeb Bush declines invitation from immigration hard-liner  http://t.co/Vp7iNiYITL	en	[]	['http://eb-5-visa.us/1zS0X0Z']	[]	0	0	0	[]	[]	https://twitter.com/Sumeshco/status/550433371281563648	False		0								[]				
550433300376866817	550433300376866817	2015-01-01 00:28:20 CET	2015-01-01	00:28:20	+0200	2738876430	olivmatias9	Mat√≠as		Jeb Bush declines invitation from immigration hard-liner: MIAMI (AP) ‚Äî Separating himself from much of the eme...  http://t.co/cMRYkvgvTX	en	[]	['http://bit.ly/1vv0vOU']	[]	0	0	0	[]	[]	https://twitter.com/OlivMatias9/status/550433300376866817	False		0								[]				
550433290805444609	550433290805444609	2015-01-01 00:28:17 CET	2015-01-01	00:28:17	+0200	1492378968	steven4real44	Stephen martins		Jeb Bush declines invitation from immigration hard-liner: MIAMI (AP) ‚Äî Separating himself from much of the eme...  http://t.co/SuiULGHm2n	en	[]	['http://bit.ly/1vv0zOG']	[]	0	0	0	[]	[]	https://twitter.com/steven4real44/status/550433290805444609	False		0								[]				
550433228281380866	550433228281380866	2015-01-01 00:28:02 CET	2015-01-01	00:28:02	+0200	2890789325	distractionnws	Distraction News		"Govt ID cards for illegals/criminals... IDNYC Municipal ID Card ""regardless of immigration status""  http://t.co/Zg8cutL9te #AngryAmerica #NYC"	en	[]	['http://on.nyc.gov/1xhtUBt']	[]	0	0	0	['angryamerica', 'nyc']	[]	https://twitter.com/DistractionNWS/status/550433228281380866	False		0								[]				
550433226196807680	550433226196807680	2015-01-01 00:28:02 CET	2015-01-01	00:28:02	+0200	106196958	vintageos	FRN2000@VintageOS		"Govt ID cards for illegals/criminals... IDNYC Municipal ID Card ""regardless of immigration status""  http://t.co/VhlCc15O9m #AngryAmerica #NYC"	en	[]	['http://on.nyc.gov/1xhtUBt']	[]	0	0	0	['angryamerica', 'nyc']	[]	https://twitter.com/VintageOS/status/550433226196807680	False		0								[]				
550433159767420930	550433159767420930	2015-01-01 00:27:46 CET	2015-01-01	00:27:46	+0200	106325293	tbacchus20	Tatiana Bacchus		I will use this trailer to seek funding to continue production on my #immigration based #documentary! For more info  https://t.co/KhgH39pflb	en	[]	['https://www.facebook.com/FreedomDeniedDoc']	[]	0	0	0	['immigration', 'documentary']	[]	https://twitter.com/tbacchus20/status/550433159767420930	False		0								[]				
550432989063421953	550432989063421953	2015-01-01 00:27:05 CET	2015-01-01	00:27:05	+0200	21582436	terresamonroe	NoisyRoom		Immigration time bomb about to explode on GOP Read more at  http://t.co/OUJnBIU1DT #g8m	en	[]	['http://www.wnd.com/2014/12/ticking-time-bomb-about-to-explode-on-gop/#hFaeOwR7BFYhCJRX.99']	[]	0	0	0	['g8m']	[]	https://twitter.com/terresamonroe/status/550432989063421953	False		0								[]				
550432890954448897	550432890954448897	2015-01-01 00:26:42 CET	2015-01-01	00:26:42	+0200	21532452	ub2bad2	AAII		@SenateGOP  #ImmigrationReform should secure border and stop illegal immigration No Citizenship No work permits #StopExecutiveAmnesty	en	[]	[]	[]	0	0	0	['immigrationreform', 'stopexecutiveamnesty']	[]	https://twitter.com/ub2bad2/status/550432890954448897	False		0								[]				
